match_id,season,start_date,venue,innings,ball,batting_team,bowling_team,striker,non_striker,bowler,runs_off_bat,extras,wides,noballs,byes,legbyes,penalty,wicket_type,player_dismissed,other_wicket_type,other_player_dismissed
1384428,2023/24,2023-11-05,"Eden Gardens, Kolkata",1,0.1,India,South Africa,RG Sharma,Shubman Gill,L Ngidi,0,0,,,,,,,,,
1384428,2023/24,2023-11-05,"Eden Gardens, Kolkata",1,0.2,India,South Africa,RG Sharma,Shubman Gill,L Ngidi,0,0,,,,,,,,,
1384428,2023/24,2023-11-05,"Eden Gardens, Kolkata",1,0.3,India,South Africa,RG Sharma,Shubman Gill,L Ngidi,0,0,,,,,,,,,
1384428,2023/24,2023-11-05,"Eden Gardens, Kolkata",1,0.4,India,South Africa,RG Sharma,Shubman Gill,L Ngidi,4,0,,,,,,,,,
1384428,2023/24,2023-11-05,"Eden Gardens, Kolkata",1,0.5,India,South Africa,RG Sharma,Shubman Gill,L Ngidi,0,0,,,,,,,,,
1384428,2023/24,2023-11-05,"Eden Gardens, Kolkata",1,0.6,India,South Africa,RG Sharma,Shubman Gill,L Ngidi,1,0,,,,,,,,,
1384428,2023/24,2023-11-05,"Eden Gardens, Kolkata",1,1.1,India,South Africa,RG Sharma,Shubman Gill,M Jansen,1,0,,,,,,,,,
1384428,2023/24,2023-11-05,"Eden Gardens, Kolkata",1,1.2,India,South Africa,Shubman Gill,RG Sharma,M Jansen,0,1,1,,,,,,,,
1384428,2023/24,2023-11-05,"Eden Gardens, Kolkata",1,1.3,India,South Africa,Shubman Gill,RG Sharma,M Jansen,0,5,5,,,,,,,,
1384428,2023/24,2023-11-05,"Eden Gardens, Kolkata",1,1.4,India,South Africa,Shubman Gill,RG Sharma,M Jansen,0,1,1,,,,,,,,
1384428,2023/24,2023-11-05,"Eden Gardens, Kolkata",1,1.5,India,South Africa,Shubman Gill,RG Sharma,M Jansen,0,0,,,,,,,,,
1384428,2023/24,2023-11-05,"Eden Gardens, Kolkata",1,1.6,India,South Africa,Shubman Gill,RG Sharma,M Jansen,4,0,,,,,,,,,
1384428,2023/24,2023-11-05,"Eden Gardens, Kolkata",1,1.7,India,South Africa,Shubman Gill,RG Sharma,M Jansen,0,1,1,,,,,,,,
1384428,2023/24,2023-11-05,"Eden Gardens, Kolkata",1,1.8,India,South Africa,Shubman Gill,RG Sharma,M Jansen,0,0,,,,,,,,,
1384428,2023/24,2023-11-05,"Eden Gardens, Kolkata",1,1.9,India,South Africa,Shubman Gill,RG Sharma,M Jansen,4,0,,,,,,,,,
1384428,2023/24,2023-11-05,"Eden Gardens, Kolkata",1,1.10,India,South Africa,Shubman Gill,RG Sharma,M Jansen,0,0,,,,,,,,,
1384428,2023/24,2023-11-05,"Eden Gardens, Kolkata",1,2.1,India,South Africa,RG Sharma,Shubman Gill,L Ngidi,0,0,,,,,,,,,
1384428,2023/24,2023-11-05,"Eden Gardens, Kolkata",1,2.2,India,South Africa,RG Sharma,Shubman Gill,L Ngidi,4,0,,,,,,,,,
1384428,2023/24,2023-11-05,"Eden Gardens, Kolkata",1,2.3,India,South Africa,RG Sharma,Shubman Gill,L Ngidi,4,0,,,,,,,,,
1384428,2023/24,2023-11-05,"Eden Gardens, Kolkata",1,2.4,India,South Africa,RG Sharma,Shubman Gill,L Ngidi,1,0,,,,,,,,,
1384428,2023/24,2023-11-05,"Eden Gardens, Kolkata",1,2.5,India,South Africa,Shubman Gill,RG Sharma,L Ngidi,0,0,,,,,,,,,
1384428,2023/24,2023-11-05,"Eden Gardens, Kolkata",1,2.6,India,South Africa,Shubman Gill,RG Sharma,L Ngidi,4,0,,,,,,,,,
1384428,2023/24,2023-11-05,"Eden Gardens, Kolkata",1,3.1,India,South Africa,RG Sharma,Shubman Gill,M Jansen,0,0,,,,,,,,,
1384428,2023/24,2023-11-05,"Eden Gardens, Kolkata",1,3.2,India,South Africa,RG Sharma,Shubman Gill,M Jansen,4,0,,,,,,,,,
1384428,2023/24,2023-11-05,"Eden Gardens, Kolkata",1,3.3,India,South Africa,RG Sharma,Shubman Gill,M Jansen,0,1,1,,,,,,,,
1384428,2023/24,2023-11-05,"Eden Gardens, Kolkata",1,3.4,India,South Africa,RG Sharma,Shubman Gill,M Jansen,4,0,,,,,,,,,
1384428,2023/24,2023-11-05,"Eden Gardens, Kolkata",1,3.5,India,South Africa,RG Sharma,Shubman Gill,M Jansen,0,0,,,,,,,,,
1384428,2023/24,2023-11-05,"Eden Gardens, Kolkata",1,3.6,India,South Africa,RG Sharma,Shubman Gill,M Jansen,1,0,,,,,,,,,
1384428,2023/24,2023-11-05,"Eden Gardens, Kolkata",1,3.7,India,South Africa,Shubman Gill,RG Sharma,M Jansen,0,0,,,,,,,,,
1384428,2023/24,2023-11-05,"Eden Gardens, Kolkata",1,4.1,India,South Africa,RG Sharma,Shubman Gill,L Ngidi,0,0,,,,,,,,,
1384428,2023/24,2023-11-05,"Eden Gardens, Kolkata",1,4.2,India,South Africa,RG Sharma,Shubman Gill,L Ngidi,4,0,,,,,,,,,
1384428,2023/24,2023-11-05,"Eden Gardens, Kolkata",1,4.3,India,South Africa,RG Sharma,Shubman Gill,L Ngidi,6,0,,,,,,,,,
1384428,2023/24,2023-11-05,"Eden Gardens, Kolkata",1,4.4,India,South Africa,RG Sharma,Shubman Gill,L Ngidi,0,0,,,,,,,,,
1384428,2023/24,2023-11-05,"Eden Gardens, Kolkata",1,4.5,India,South Africa,RG Sharma,Shubman Gill,L Ngidi,6,0,,,,,,,,,
1384428,2023/24,2023-11-05,"Eden Gardens, Kolkata",1,4.6,India,South Africa,RG Sharma,Shubman Gill,L Ngidi,0,0,,,,,,,,,
1384428,2023/24,2023-11-05,"Eden Gardens, Kolkata",1,5.1,India,South Africa,Shubman Gill,RG Sharma,K Rabada,0,0,,,,,,,,,
1384428,2023/24,2023-11-05,"Eden Gardens, Kolkata",1,5.2,India,South Africa,Shubman Gill,RG Sharma,K Rabada,0,0,,,,,,,,,
1384428,2023/24,2023-11-05,"Eden Gardens, Kolkata",1,5.3,India,South Africa,Shubman Gill,RG Sharma,K Rabada,0,1,,,,1,,,,,
1384428,2023/24,2023-11-05,"Eden Gardens, Kolkata",1,5.4,India,South Africa,RG Sharma,Shubman Gill,K Rabada,0,0,,,,,,,,,
1384428,2023/24,2023-11-05,"Eden Gardens, Kolkata",1,5.5,India,South Africa,RG Sharma,Shubman Gill,K Rabada,0,0,,,,,,caught,RG Sharma,,
1384428,2023/24,2023-11-05,"Eden Gardens, Kolkata",1,5.6,India,South Africa,V Kohli,Shubman Gill,K Rabada,0,0,,,,,,,,,
1384428,2023/24,2023-11-05,"Eden Gardens, Kolkata",1,6.1,India,South Africa,Shubman Gill,V Kohli,M Jansen,0,0,,,,,,,,,
1384428,2023/24,2023-11-05,"Eden Gardens, Kolkata",1,6.2,India,South Africa,Shubman Gill,V Kohli,M Jansen,0,0,,,,,,,,,
1384428,2023/24,2023-11-05,"Eden Gardens, Kolkata",1,6.3,India,South Africa,Shubman Gill,V Kohli,M Jansen,0,0,,,,,,,,,
1384428,2023/24,2023-11-05,"Eden Gardens, Kolkata",1,6.4,India,South Africa,Shubman Gill,V Kohli,M Jansen,6,0,,,,,,,,,
1384428,2023/24,2023-11-05,"Eden Gardens, Kolkata",1,6.5,India,South Africa,Shubman Gill,V Kohli,M Jansen,0,0,,,,,,,,,
1384428,2023/24,2023-11-05,"Eden Gardens, Kolkata",1,6.6,India,South Africa,Shubman Gill,V Kohli,M Jansen,0,0,,,,,,,,,
1384428,2023/24,2023-11-05,"Eden Gardens, Kolkata",1,7.1,India,South Africa,V Kohli,Shubman Gill,K Rabada,0,0,,,,,,,,,
1384428,2023/24,2023-11-05,"Eden Gardens, Kolkata",1,7.2,India,South Africa,V Kohli,Shubman Gill,K Rabada,0,0,,,,,,,,,
1384428,2023/24,2023-11-05,"Eden Gardens, Kolkata",1,7.3,India,South Africa,V Kohli,Shubman Gill,K Rabada,4,0,,,,,,,,,
1384428,2023/24,2023-11-05,"Eden Gardens, Kolkata",1,7.4,India,South Africa,V Kohli,Shubman Gill,K Rabada,0,0,,,,,,,,,
1384428,2023/24,2023-11-05,"Eden Gardens, Kolkata",1,7.5,India,South Africa,V Kohli,Shubman Gill,K Rabada,0,0,,,,,,,,,
1384428,2023/24,2023-11-05,"Eden Gardens, Kolkata",1,7.6,India,South Africa,V Kohli,Shubman Gill,K Rabada,0,0,,,,,,,,,
1384428,2023/24,2023-11-05,"Eden Gardens, Kolkata",1,8.1,India,South Africa,Shubman Gill,V Kohli,M Jansen,0,0,,,,,,,,,
1384428,2023/24,2023-11-05,"Eden Gardens, Kolkata",1,8.2,India,South Africa,Shubman Gill,V Kohli,M Jansen,4,0,,,,,,,,,
1384428,2023/24,2023-11-05,"Eden Gardens, Kolkata",1,8.3,India,South Africa,Shubman Gill,V Kohli,M Jansen,1,0,,,,,,,,,
1384428,2023/24,2023-11-05,"Eden Gardens, Kolkata",1,8.4,India,South Africa,V Kohli,Shubman Gill,M Jansen,0,0,,,,,,,,,
1384428,2023/24,2023-11-05,"Eden Gardens, Kolkata",1,8.5,India,South Africa,V Kohli,Shubman Gill,M Jansen,4,0,,,,,,,,,
1384428,2023/24,2023-11-05,"Eden Gardens, Kolkata",1,8.6,India,South Africa,V Kohli,Shubman Gill,M Jansen,1,0,,,,,,,,,
1384428,2023/24,2023-11-05,"Eden Gardens, Kolkata",1,9.1,India,South Africa,V Kohli,Shubman Gill,K Rabada,0,0,,,,,,,,,
1384428,2023/24,2023-11-05,"Eden Gardens, Kolkata",1,9.2,India,South Africa,V Kohli,Shubman Gill,K Rabada,4,0,,,,,,,,,
1384428,2023/24,2023-11-05,"Eden Gardens, Kolkata",1,9.3,India,South Africa,V Kohli,Shubman Gill,K Rabada,4,0,,,,,,,,,
1384428,2023/24,2023-11-05,"Eden Gardens, Kolkata",1,9.4,India,South Africa,V Kohli,Shubman Gill,K Rabada,1,0,,,,,,,,,
1384428,2023/24,2023-11-05,"Eden Gardens, Kolkata",1,9.5,India,South Africa,Shubman Gill,V Kohli,K Rabada,0,0,,,,,,,,,
1384428,2023/24,2023-11-05,"Eden Gardens, Kolkata",1,9.6,India,South Africa,Shubman Gill,V Kohli,K Rabada,0,0,,,,,,,,,
1384428,2023/24,2023-11-05,"Eden Gardens, Kolkata",1,10.1,India,South Africa,V Kohli,Shubman Gill,KA Maharaj,1,0,,,,,,,,,
1384428,2023/24,2023-11-05,"Eden Gardens, Kolkata",1,10.2,India,South Africa,Shubman Gill,V Kohli,KA Maharaj,0,0,,,,,,,,,
1384428,2023/24,2023-11-05,"Eden Gardens, Kolkata",1,10.3,India,South Africa,Shubman Gill,V Kohli,KA Maharaj,0,1,1,,,,,,,,
1384428,2023/24,2023-11-05,"Eden Gardens, Kolkata",1,10.4,India,South Africa,Shubman Gill,V Kohli,KA Maharaj,0,0,,,,,,bowled,Shubman Gill,,
1384428,2023/24,2023-11-05,"Eden Gardens, Kolkata",1,10.5,India,South Africa,SS Iyer,V Kohli,KA Maharaj,0,0,,,,,,,,,
1384428,2023/24,2023-11-05,"Eden Gardens, Kolkata",1,10.6,India,South Africa,SS Iyer,V Kohli,KA Maharaj,0,0,,,,,,,,,
1384428,2023/24,2023-11-05,"Eden Gardens, Kolkata",1,10.7,India,South Africa,SS Iyer,V Kohli,KA Maharaj,1,0,,,,,,,,,
1384428,2023/24,2023-11-05,"Eden Gardens, Kolkata",1,11.1,India,South Africa,SS Iyer,V Kohli,K Rabada,0,0,,,,,,,,,
1384428,2023/24,2023-11-05,"Eden Gardens, Kolkata",1,11.2,India,South Africa,SS Iyer,V Kohli,K Rabada,0,0,,,,,,,,,
1384428,2023/24,2023-11-05,"Eden Gardens, Kolkata",1,11.3,India,South Africa,SS Iyer,V Kohli,K Rabada,0,0,,,,,,,,,
1384428,2023/24,2023-11-05,"Eden Gardens, Kolkata",1,11.4,India,South Africa,SS Iyer,V Kohli,K Rabada,0,0,,,,,,,,,
1384428,2023/24,2023-11-05,"Eden Gardens, Kolkata",1,11.5,India,South Africa,SS Iyer,V Kohli,K Rabada,2,0,,,,,,,,,
1384428,2023/24,2023-11-05,"Eden Gardens, Kolkata",1,11.6,India,South Africa,SS Iyer,V Kohli,K Rabada,0,0,,,,,,,,,
1384428,2023/24,2023-11-05,"Eden Gardens, Kolkata",1,12.1,India,South Africa,V Kohli,SS Iyer,KA Maharaj,1,0,,,,,,,,,
1384428,2023/24,2023-11-05,"Eden Gardens, Kolkata",1,12.2,India,South Africa,SS Iyer,V Kohli,KA Maharaj,1,0,,,,,,,,,
1384428,2023/24,2023-11-05,"Eden Gardens, Kolkata",1,12.3,India,South Africa,V Kohli,SS Iyer,KA Maharaj,0,0,,,,,,,,,
1384428,2023/24,2023-11-05,"Eden Gardens, Kolkata",1,12.4,India,South Africa,V Kohli,SS Iyer,KA Maharaj,0,0,,,,,,,,,
1384428,2023/24,2023-11-05,"Eden Gardens, Kolkata",1,12.5,India,South Africa,V Kohli,SS Iyer,KA Maharaj,1,0,,,,,,,,,
1384428,2023/24,2023-11-05,"Eden Gardens, Kolkata",1,12.6,India,South Africa,SS Iyer,V Kohli,KA Maharaj,0,0,,,,,,,,,
1384428,2023/24,2023-11-05,"Eden Gardens, Kolkata",1,13.1,India,South Africa,V Kohli,SS Iyer,K Rabada,1,0,,,,,,,,,
1384428,2023/24,2023-11-05,"Eden Gardens, Kolkata",1,13.2,India,South Africa,SS Iyer,V Kohli,K Rabada,0,0,,,,,,,,,
1384428,2023/24,2023-11-05,"Eden Gardens, Kolkata",1,13.3,India,South Africa,SS Iyer,V Kohli,K Rabada,1,0,,,,,,,,,
1384428,2023/24,2023-11-05,"Eden Gardens, Kolkata",1,13.4,India,South Africa,V Kohli,SS Iyer,K Rabada,1,0,,,,,,,,,
1384428,2023/24,2023-11-05,"Eden Gardens, Kolkata",1,13.5,India,South Africa,SS Iyer,V Kohli,K Rabada,0,0,,,,,,,,,
1384428,2023/24,2023-11-05,"Eden Gardens, Kolkata",1,13.6,India,South Africa,SS Iyer,V Kohli,K Rabada,1,0,,,,,,,,,
1384428,2023/24,2023-11-05,"Eden Gardens, Kolkata",1,14.1,India,South Africa,SS Iyer,V Kohli,KA Maharaj,0,0,,,,,,,,,
1384428,2023/24,2023-11-05,"Eden Gardens, Kolkata",1,14.2,India,South Africa,SS Iyer,V Kohli,KA Maharaj,0,0,,,,,,,,,
1384428,2023/24,2023-11-05,"Eden Gardens, Kolkata",1,14.3,India,South Africa,SS Iyer,V Kohli,KA Maharaj,0,0,,,,,,,,,
1384428,2023/24,2023-11-05,"Eden Gardens, Kolkata",1,14.4,India,South Africa,SS Iyer,V Kohli,KA Maharaj,1,0,,,,,,,,,
1384428,2023/24,2023-11-05,"Eden Gardens, Kolkata",1,14.5,India,South Africa,V Kohli,SS Iyer,KA Maharaj,1,0,,,,,,,,,
1384428,2023/24,2023-11-05,"Eden Gardens, Kolkata",1,14.6,India,South Africa,SS Iyer,V Kohli,KA Maharaj,0,0,,,,,,,,,
1384428,2023/24,2023-11-05,"Eden Gardens, Kolkata",1,15.1,India,South Africa,V Kohli,SS Iyer,L Ngidi,0,0,,,,,,,,,
1384428,2023/24,2023-11-05,"Eden Gardens, Kolkata",1,15.2,India,South Africa,V Kohli,SS Iyer,L Ngidi,1,0,,,,,,,,,
1384428,2023/24,2023-11-05,"Eden Gardens, Kolkata",1,15.3,India,South Africa,SS Iyer,V Kohli,L Ngidi,0,0,,,,,,,,,
1384428,2023/24,2023-11-05,"Eden Gardens, Kolkata",1,15.4,India,South Africa,SS Iyer,V Kohli,L Ngidi,1,0,,,,,,,,,
1384428,2023/24,2023-11-05,"Eden Gardens, Kolkata",1,15.5,India,South Africa,V Kohli,SS Iyer,L Ngidi,0,0,,,,,,,,,
1384428,2023/24,2023-11-05,"Eden Gardens, Kolkata",1,15.6,India,South Africa,V Kohli,SS Iyer,L Ngidi,0,0,,,,,,,,,
1384428,2023/24,2023-11-05,"Eden Gardens, Kolkata",1,16.1,India,South Africa,SS Iyer,V Kohli,KA Maharaj,1,0,,,,,,,,,
1384428,2023/24,2023-11-05,"Eden Gardens, Kolkata",1,16.2,India,South Africa,V Kohli,SS Iyer,KA Maharaj,1,0,,,,,,,,,
1384428,2023/24,2023-11-05,"Eden Gardens, Kolkata",1,16.3,India,South Africa,SS Iyer,V Kohli,KA Maharaj,1,0,,,,,,,,,
1384428,2023/24,2023-11-05,"Eden Gardens, Kolkata",1,16.4,India,South Africa,V Kohli,SS Iyer,KA Maharaj,1,0,,,,,,,,,
1384428,2023/24,2023-11-05,"Eden Gardens, Kolkata",1,16.5,India,South Africa,SS Iyer,V Kohli,KA Maharaj,0,0,,,,,,,,,
1384428,2023/24,2023-11-05,"Eden Gardens, Kolkata",1,16.6,India,South Africa,SS Iyer,V Kohli,KA Maharaj,0,0,,,,,,,,,
1384428,2023/24,2023-11-05,"Eden Gardens, Kolkata",1,17.1,India,South Africa,V Kohli,SS Iyer,L Ngidi,2,0,,,,,,,,,
1384428,2023/24,2023-11-05,"Eden Gardens, Kolkata",1,17.2,India,South Africa,V Kohli,SS Iyer,L Ngidi,0,0,,,,,,,,,
1384428,2023/24,2023-11-05,"Eden Gardens, Kolkata",1,17.3,India,South Africa,V Kohli,SS Iyer,L Ngidi,4,0,,,,,,,,,
1384428,2023/24,2023-11-05,"Eden Gardens, Kolkata",1,17.4,India,South Africa,V Kohli,SS Iyer,L Ngidi,0,0,,,,,,,,,
1384428,2023/24,2023-11-05,"Eden Gardens, Kolkata",1,17.5,India,South Africa,V Kohli,SS Iyer,L Ngidi,0,0,,,,,,,,,
1384428,2023/24,2023-11-05,"Eden Gardens, Kolkata",1,17.6,India,South Africa,V Kohli,SS Iyer,L Ngidi,1,0,,,,,,,,,
1384428,2023/24,2023-11-05,"Eden Gardens, Kolkata",1,18.1,India,South Africa,V Kohli,SS Iyer,KA Maharaj,1,0,,,,,,,,,
1384428,2023/24,2023-11-05,"Eden Gardens, Kolkata",1,18.2,India,South Africa,SS Iyer,V Kohli,KA Maharaj,0,0,,,,,,,,,
1384428,2023/24,2023-11-05,"Eden Gardens, Kolkata",1,18.3,India,South Africa,SS Iyer,V Kohli,KA Maharaj,1,0,,,,,,,,,
1384428,2023/24,2023-11-05,"Eden Gardens, Kolkata",1,18.4,India,South Africa,V Kohli,SS Iyer,KA Maharaj,1,0,,,,,,,,,
1384428,2023/24,2023-11-05,"Eden Gardens, Kolkata",1,18.5,India,South Africa,SS Iyer,V Kohli,KA Maharaj,0,0,,,,,,,,,
1384428,2023/24,2023-11-05,"Eden Gardens, Kolkata",1,18.6,India,South Africa,SS Iyer,V Kohli,KA Maharaj,0,0,,,,,,,,,
1384428,2023/24,2023-11-05,"Eden Gardens, Kolkata",1,19.1,India,South Africa,V Kohli,SS Iyer,T Shamsi,0,1,1,,,,,,,,
1384428,2023/24,2023-11-05,"Eden Gardens, Kolkata",1,19.2,India,South Africa,V Kohli,SS Iyer,T Shamsi,0,0,,,,,,,,,
1384428,2023/24,2023-11-05,"Eden Gardens, Kolkata",1,19.3,India,South Africa,V Kohli,SS Iyer,T Shamsi,1,0,,,,,,,,,
1384428,2023/24,2023-11-05,"Eden Gardens, Kolkata",1,19.4,India,South Africa,SS Iyer,V Kohli,T Shamsi,0,1,1,,,,,,,,
1384428,2023/24,2023-11-05,"Eden Gardens, Kolkata",1,19.5,India,South Africa,SS Iyer,V Kohli,T Shamsi,0,0,,,,,,,,,
1384428,2023/24,2023-11-05,"Eden Gardens, Kolkata",1,19.6,India,South Africa,SS Iyer,V Kohli,T Shamsi,0,0,,,,,,,,,
1384428,2023/24,2023-11-05,"Eden Gardens, Kolkata",1,19.7,India,South Africa,SS Iyer,V Kohli,T Shamsi,0,0,,,,,,,,,
1384428,2023/24,2023-11-05,"Eden Gardens, Kolkata",1,19.8,India,South Africa,SS Iyer,V Kohli,T Shamsi,0,0,,,,,,,,,
1384428,2023/24,2023-11-05,"Eden Gardens, Kolkata",1,20.1,India,South Africa,V Kohli,SS Iyer,KA Maharaj,0,0,,,,,,,,,
1384428,2023/24,2023-11-05,"Eden Gardens, Kolkata",1,20.2,India,South Africa,V Kohli,SS Iyer,KA Maharaj,0,0,,,,,,,,,
1384428,2023/24,2023-11-05,"Eden Gardens, Kolkata",1,20.3,India,South Africa,V Kohli,SS Iyer,KA Maharaj,0,0,,,,,,,,,
1384428,2023/24,2023-11-05,"Eden Gardens, Kolkata",1,20.4,India,South Africa,V Kohli,SS Iyer,KA Maharaj,1,0,,,,,,,,,
1384428,2023/24,2023-11-05,"Eden Gardens, Kolkata",1,20.5,India,South Africa,SS Iyer,V Kohli,KA Maharaj,1,0,,,,,,,,,
1384428,2023/24,2023-11-05,"Eden Gardens, Kolkata",1,20.6,India,South Africa,V Kohli,SS Iyer,KA Maharaj,1,0,,,,,,,,,
1384428,2023/24,2023-11-05,"Eden Gardens, Kolkata",1,21.1,India,South Africa,V Kohli,SS Iyer,T Shamsi,0,0,,,,,,,,,
1384428,2023/24,2023-11-05,"Eden Gardens, Kolkata",1,21.2,India,South Africa,V Kohli,SS Iyer,T Shamsi,1,0,,,,,,,,,
1384428,2023/24,2023-11-05,"Eden Gardens, Kolkata",1,21.3,India,South Africa,SS Iyer,V Kohli,T Shamsi,4,0,,,,,,,,,
1384428,2023/24,2023-11-05,"Eden Gardens, Kolkata",1,21.4,India,South Africa,SS Iyer,V Kohli,T Shamsi,1,0,,,,,,,,,
1384428,2023/24,2023-11-05,"Eden Gardens, Kolkata",1,21.5,India,South Africa,V Kohli,SS Iyer,T Shamsi,0,0,,,,,,,,,
1384428,2023/24,2023-11-05,"Eden Gardens, Kolkata",1,21.6,India,South Africa,V Kohli,SS Iyer,T Shamsi,0,0,,,,,,,,,
1384428,2023/24,2023-11-05,"Eden Gardens, Kolkata",1,22.1,India,South Africa,SS Iyer,V Kohli,KA Maharaj,0,0,,,,,,,,,
1384428,2023/24,2023-11-05,"Eden Gardens, Kolkata",1,22.2,India,South Africa,SS Iyer,V Kohli,KA Maharaj,1,0,,,,,,,,,
1384428,2023/24,2023-11-05,"Eden Gardens, Kolkata",1,22.3,India,South Africa,V Kohli,SS Iyer,KA Maharaj,0,0,,,,,,,,,
1384428,2023/24,2023-11-05,"Eden Gardens, Kolkata",1,22.4,India,South Africa,V Kohli,SS Iyer,KA Maharaj,0,0,,,,,,,,,
1384428,2023/24,2023-11-05,"Eden Gardens, Kolkata",1,22.5,India,South Africa,V Kohli,SS Iyer,KA Maharaj,0,0,,,,,,,,,
1384428,2023/24,2023-11-05,"Eden Gardens, Kolkata",1,22.6,India,South Africa,V Kohli,SS Iyer,KA Maharaj,0,0,,,,,,,,,
1384428,2023/24,2023-11-05,"Eden Gardens, Kolkata",1,23.1,India,South Africa,SS Iyer,V Kohli,T Shamsi,0,0,,,,,,,,,
1384428,2023/24,2023-11-05,"Eden Gardens, Kolkata",1,23.2,India,South Africa,SS Iyer,V Kohli,T Shamsi,1,0,,,,,,,,,
1384428,2023/24,2023-11-05,"Eden Gardens, Kolkata",1,23.3,India,South Africa,V Kohli,SS Iyer,T Shamsi,0,0,,,,,,,,,
1384428,2023/24,2023-11-05,"Eden Gardens, Kolkata",1,23.4,India,South Africa,V Kohli,SS Iyer,T Shamsi,0,0,,,,,,,,,
1384428,2023/24,2023-11-05,"Eden Gardens, Kolkata",1,23.5,India,South Africa,V Kohli,SS Iyer,T Shamsi,0,1,1,,,,,,,,
1384428,2023/24,2023-11-05,"Eden Gardens, Kolkata",1,23.6,India,South Africa,V Kohli,SS Iyer,T Shamsi,1,0,,,,,,,,,
1384428,2023/24,2023-11-05,"Eden Gardens, Kolkata",1,23.7,India,South Africa,SS Iyer,V Kohli,T Shamsi,4,0,,,,,,,,,
1384428,2023/24,2023-11-05,"Eden Gardens, Kolkata",1,24.1,India,South Africa,V Kohli,SS Iyer,KA Maharaj,1,0,,,,,,,,,
1384428,2023/24,2023-11-05,"Eden Gardens, Kolkata",1,24.2,India,South Africa,SS Iyer,V Kohli,KA Maharaj,0,0,,,,,,,,,
1384428,2023/24,2023-11-05,"Eden Gardens, Kolkata",1,24.3,India,South Africa,SS Iyer,V Kohli,KA Maharaj,0,0,,,,,,,,,
1384428,2023/24,2023-11-05,"Eden Gardens, Kolkata",1,24.4,India,South Africa,SS Iyer,V Kohli,KA Maharaj,0,0,,,,,,,,,
1384428,2023/24,2023-11-05,"Eden Gardens, Kolkata",1,24.5,India,South Africa,SS Iyer,V Kohli,KA Maharaj,1,0,,,,,,,,,
1384428,2023/24,2023-11-05,"Eden Gardens, Kolkata",1,24.6,India,South Africa,V Kohli,SS Iyer,KA Maharaj,0,0,,,,,,,,,
1384428,2023/24,2023-11-05,"Eden Gardens, Kolkata",1,25.1,India,South Africa,SS Iyer,V Kohli,T Shamsi,1,0,,,,,,,,,
1384428,2023/24,2023-11-05,"Eden Gardens, Kolkata",1,25.2,India,South Africa,V Kohli,SS Iyer,T Shamsi,2,0,,,,,,,,,
1384428,2023/24,2023-11-05,"Eden Gardens, Kolkata",1,25.3,India,South Africa,V Kohli,SS Iyer,T Shamsi,1,0,,,,,,,,,
1384428,2023/24,2023-11-05,"Eden Gardens, Kolkata",1,25.4,India,South Africa,SS Iyer,V Kohli,T Shamsi,1,0,,,,,,,,,
1384428,2023/24,2023-11-05,"Eden Gardens, Kolkata",1,25.5,India,South Africa,V Kohli,SS Iyer,T Shamsi,0,1,1,,,,,,,,
1384428,2023/24,2023-11-05,"Eden Gardens, Kolkata",1,25.6,India,South Africa,V Kohli,SS Iyer,T Shamsi,0,0,,,,,,,,,
1384428,2023/24,2023-11-05,"Eden Gardens, Kolkata",1,25.7,India,South Africa,V Kohli,SS Iyer,T Shamsi,2,0,,,,,,,,,
1384428,2023/24,2023-11-05,"Eden Gardens, Kolkata",1,26.1,India,South Africa,SS Iyer,V Kohli,KA Maharaj,1,0,,,,,,,,,
1384428,2023/24,2023-11-05,"Eden Gardens, Kolkata",1,26.2,India,South Africa,V Kohli,SS Iyer,KA Maharaj,0,0,,,,,,,,,
1384428,2023/24,2023-11-05,"Eden Gardens, Kolkata",1,26.3,India,South Africa,V Kohli,SS Iyer,KA Maharaj,0,0,,,,,,,,,
1384428,2023/24,2023-11-05,"Eden Gardens, Kolkata",1,26.4,India,South Africa,V Kohli,SS Iyer,KA Maharaj,0,0,,,,,,,,,
1384428,2023/24,2023-11-05,"Eden Gardens, Kolkata",1,26.5,India,South Africa,V Kohli,SS Iyer,KA Maharaj,0,0,,,,,,,,,
1384428,2023/24,2023-11-05,"Eden Gardens, Kolkata",1,26.6,India,South Africa,V Kohli,SS Iyer,KA Maharaj,1,0,,,,,,,,,
1384428,2023/24,2023-11-05,"Eden Gardens, Kolkata",1,27.1,India,South Africa,V Kohli,SS Iyer,T Shamsi,1,0,,,,,,,,,
1384428,2023/24,2023-11-05,"Eden Gardens, Kolkata",1,27.2,India,South Africa,SS Iyer,V Kohli,T Shamsi,0,0,,,,,,,,,
1384428,2023/24,2023-11-05,"Eden Gardens, Kolkata",1,27.3,India,South Africa,SS Iyer,V Kohli,T Shamsi,6,0,,,,,,,,,
1384428,2023/24,2023-11-05,"Eden Gardens, Kolkata",1,27.4,India,South Africa,SS Iyer,V Kohli,T Shamsi,0,0,,,,,,,,,
1384428,2023/24,2023-11-05,"Eden Gardens, Kolkata",1,27.5,India,South Africa,SS Iyer,V Kohli,T Shamsi,2,0,,,,,,,,,
1384428,2023/24,2023-11-05,"Eden Gardens, Kolkata",1,27.6,India,South Africa,SS Iyer,V Kohli,T Shamsi,1,0,,,,,,,,,
1384428,2023/24,2023-11-05,"Eden Gardens, Kolkata",1,28.1,India,South Africa,SS Iyer,V Kohli,KA Maharaj,1,0,,,,,,,,,
1384428,2023/24,2023-11-05,"Eden Gardens, Kolkata",1,28.2,India,South Africa,V Kohli,SS Iyer,KA Maharaj,1,0,,,,,,,,,
1384428,2023/24,2023-11-05,"Eden Gardens, Kolkata",1,28.3,India,South Africa,SS Iyer,V Kohli,KA Maharaj,1,0,,,,,,,,,
1384428,2023/24,2023-11-05,"Eden Gardens, Kolkata",1,28.4,India,South Africa,V Kohli,SS Iyer,KA Maharaj,2,0,,,,,,,,,
1384428,2023/24,2023-11-05,"Eden Gardens, Kolkata",1,28.5,India,South Africa,V Kohli,SS Iyer,KA Maharaj,1,0,,,,,,,,,
1384428,2023/24,2023-11-05,"Eden Gardens, Kolkata",1,28.6,India,South Africa,SS Iyer,V Kohli,KA Maharaj,1,0,,,,,,,,,
1384428,2023/24,2023-11-05,"Eden Gardens, Kolkata",1,29.1,India,South Africa,SS Iyer,V Kohli,T Shamsi,4,0,,,,,,,,,
1384428,2023/24,2023-11-05,"Eden Gardens, Kolkata",1,29.2,India,South Africa,SS Iyer,V Kohli,T Shamsi,2,0,,,,,,,,,
1384428,2023/24,2023-11-05,"Eden Gardens, Kolkata",1,29.3,India,South Africa,SS Iyer,V Kohli,T Shamsi,1,0,,,,,,,,,
1384428,2023/24,2023-11-05,"Eden Gardens, Kolkata",1,29.4,India,South Africa,V Kohli,SS Iyer,T Shamsi,1,0,,,,,,,,,
1384428,2023/24,2023-11-05,"Eden Gardens, Kolkata",1,29.5,India,South Africa,SS Iyer,V Kohli,T Shamsi,0,0,,,,,,,,,
1384428,2023/24,2023-11-05,"Eden Gardens, Kolkata",1,29.6,India,South Africa,SS Iyer,V Kohli,T Shamsi,1,0,,,,,,,,,
1384428,2023/24,2023-11-05,"Eden Gardens, Kolkata",1,30.1,India,South Africa,SS Iyer,V Kohli,M Jansen,0,0,,,,,,,,,
1384428,2023/24,2023-11-05,"Eden Gardens, Kolkata",1,30.2,India,South Africa,SS Iyer,V Kohli,M Jansen,4,0,,,,,,,,,
1384428,2023/24,2023-11-05,"Eden Gardens, Kolkata",1,30.3,India,South Africa,SS Iyer,V Kohli,M Jansen,0,0,,,,,,,,,
1384428,2023/24,2023-11-05,"Eden Gardens, Kolkata",1,30.4,India,South Africa,SS Iyer,V Kohli,M Jansen,4,0,,,,,,,,,
1384428,2023/24,2023-11-05,"Eden Gardens, Kolkata",1,30.5,India,South Africa,SS Iyer,V Kohli,M Jansen,0,1,1,,,,,,,,
1384428,2023/24,2023-11-05,"Eden Gardens, Kolkata",1,30.6,India,South Africa,SS Iyer,V Kohli,M Jansen,0,1,1,,,,,,,,
1384428,2023/24,2023-11-05,"Eden Gardens, Kolkata",1,30.7,India,South Africa,SS Iyer,V Kohli,M Jansen,0,0,,,,,,,,,
1384428,2023/24,2023-11-05,"Eden Gardens, Kolkata",1,30.8,India,South Africa,SS Iyer,V Kohli,M Jansen,4,0,,,,,,,,,
1384428,2023/24,2023-11-05,"Eden Gardens, Kolkata",1,31.1,India,South Africa,V Kohli,SS Iyer,AK Markram,1,0,,,,,,,,,
1384428,2023/24,2023-11-05,"Eden Gardens, Kolkata",1,31.2,India,South Africa,SS Iyer,V Kohli,AK Markram,0,0,,,,,,,,,
1384428,2023/24,2023-11-05,"Eden Gardens, Kolkata",1,31.3,India,South Africa,SS Iyer,V Kohli,AK Markram,0,1,1,,,,,,,,
1384428,2023/24,2023-11-05,"Eden Gardens, Kolkata",1,31.4,India,South Africa,SS Iyer,V Kohli,AK Markram,1,0,,,,,,,,,
1384428,2023/24,2023-11-05,"Eden Gardens, Kolkata",1,31.5,India,South Africa,V Kohli,SS Iyer,AK Markram,0,0,,,,,,,,,
1384428,2023/24,2023-11-05,"Eden Gardens, Kolkata",1,31.6,India,South Africa,V Kohli,SS Iyer,AK Markram,0,0,,,,,,,,,
1384428,2023/24,2023-11-05,"Eden Gardens, Kolkata",1,31.7,India,South Africa,V Kohli,SS Iyer,AK Markram,0,0,,,,,,,,,
1384428,2023/24,2023-11-05,"Eden Gardens, Kolkata",1,32.1,India,South Africa,SS Iyer,V Kohli,M Jansen,1,0,,,,,,,,,
1384428,2023/24,2023-11-05,"Eden Gardens, Kolkata",1,32.2,India,South Africa,V Kohli,SS Iyer,M Jansen,1,0,,,,,,,,,
1384428,2023/24,2023-11-05,"Eden Gardens, Kolkata",1,32.3,India,South Africa,SS Iyer,V Kohli,M Jansen,0,0,,,,,,,,,
1384428,2023/24,2023-11-05,"Eden Gardens, Kolkata",1,32.4,India,South Africa,SS Iyer,V Kohli,M Jansen,0,0,,,,,,,,,
1384428,2023/24,2023-11-05,"Eden Gardens, Kolkata",1,32.5,India,South Africa,SS Iyer,V Kohli,M Jansen,0,0,,,,,,,,,
1384428,2023/24,2023-11-05,"Eden Gardens, Kolkata",1,32.6,India,South Africa,SS Iyer,V Kohli,M Jansen,1,0,,,,,,,,,
1384428,2023/24,2023-11-05,"Eden Gardens, Kolkata",1,33.1,India,South Africa,SS Iyer,V Kohli,AK Markram,1,0,,,,,,,,,
1384428,2023/24,2023-11-05,"Eden Gardens, Kolkata",1,33.2,India,South Africa,V Kohli,SS Iyer,AK Markram,1,0,,,,,,,,,
1384428,2023/24,2023-11-05,"Eden Gardens, Kolkata",1,33.3,India,South Africa,SS Iyer,V Kohli,AK Markram,1,0,,,,,,,,,
1384428,2023/24,2023-11-05,"Eden Gardens, Kolkata",1,33.4,India,South Africa,V Kohli,SS Iyer,AK Markram,4,0,,,,,,,,,
1384428,2023/24,2023-11-05,"Eden Gardens, Kolkata",1,33.5,India,South Africa,V Kohli,SS Iyer,AK Markram,1,0,,,,,,,,,
1384428,2023/24,2023-11-05,"Eden Gardens, Kolkata",1,33.6,India,South Africa,SS Iyer,V Kohli,AK Markram,6,0,,,,,,,,,
1384428,2023/24,2023-11-05,"Eden Gardens, Kolkata",1,34.1,India,South Africa,V Kohli,SS Iyer,L Ngidi,4,0,,,,,,,,,
1384428,2023/24,2023-11-05,"Eden Gardens, Kolkata",1,34.2,India,South Africa,V Kohli,SS Iyer,L Ngidi,0,0,,,,,,,,,
1384428,2023/24,2023-11-05,"Eden Gardens, Kolkata",1,34.3,India,South Africa,V Kohli,SS Iyer,L Ngidi,0,1,1,,,,,,,,
1384428,2023/24,2023-11-05,"Eden Gardens, Kolkata",1,34.4,India,South Africa,V Kohli,SS Iyer,L Ngidi,0,0,,,,,,,,,
1384428,2023/24,2023-11-05,"Eden Gardens, Kolkata",1,34.5,India,South Africa,V Kohli,SS Iyer,L Ngidi,0,0,,,,,,,,,
1384428,2023/24,2023-11-05,"Eden Gardens, Kolkata",1,34.6,India,South Africa,V Kohli,SS Iyer,L Ngidi,1,0,,,,,,,,,
1384428,2023/24,2023-11-05,"Eden Gardens, Kolkata",1,34.7,India,South Africa,SS Iyer,V Kohli,L Ngidi,0,0,,,,,,,,,
1384428,2023/24,2023-11-05,"Eden Gardens, Kolkata",1,35.1,India,South Africa,V Kohli,SS Iyer,K Rabada,0,0,,,,,,,,,
1384428,2023/24,2023-11-05,"Eden Gardens, Kolkata",1,35.2,India,South Africa,V Kohli,SS Iyer,K Rabada,1,0,,,,,,,,,
1384428,2023/24,2023-11-05,"Eden Gardens, Kolkata",1,35.3,India,South Africa,SS Iyer,V Kohli,K Rabada,0,0,,,,,,,,,
1384428,2023/24,2023-11-05,"Eden Gardens, Kolkata",1,35.4,India,South Africa,SS Iyer,V Kohli,K Rabada,2,0,,,,,,,,,
1384428,2023/24,2023-11-05,"Eden Gardens, Kolkata",1,35.5,India,South Africa,SS Iyer,V Kohli,K Rabada,1,0,,,,,,,,,
1384428,2023/24,2023-11-05,"Eden Gardens, Kolkata",1,35.6,India,South Africa,V Kohli,SS Iyer,K Rabada,0,0,,,,,,,,,
1384428,2023/24,2023-11-05,"Eden Gardens, Kolkata",1,36.1,India,South Africa,SS Iyer,V Kohli,L Ngidi,4,0,,,,,,,,,
1384428,2023/24,2023-11-05,"Eden Gardens, Kolkata",1,36.2,India,South Africa,SS Iyer,V Kohli,L Ngidi,0,0,,,,,,,,,
1384428,2023/24,2023-11-05,"Eden Gardens, Kolkata",1,36.3,India,South Africa,SS Iyer,V Kohli,L Ngidi,0,0,,,,,,,,,
1384428,2023/24,2023-11-05,"Eden Gardens, Kolkata",1,36.4,India,South Africa,SS Iyer,V Kohli,L Ngidi,0,0,,,,,,,,,
1384428,2023/24,2023-11-05,"Eden Gardens, Kolkata",1,36.5,India,South Africa,SS Iyer,V Kohli,L Ngidi,0,0,,,,,,caught,SS Iyer,,
1384428,2023/24,2023-11-05,"Eden Gardens, Kolkata",1,36.6,India,South Africa,KL Rahul,V Kohli,L Ngidi,0,0,,,,,,,,,
1384428,2023/24,2023-11-05,"Eden Gardens, Kolkata",1,37.1,India,South Africa,V Kohli,KL Rahul,K Rabada,4,0,,,,,,,,,
1384428,2023/24,2023-11-05,"Eden Gardens, Kolkata",1,37.2,India,South Africa,V Kohli,KL Rahul,K Rabada,1,0,,,,,,,,,
1384428,2023/24,2023-11-05,"Eden Gardens, Kolkata",1,37.3,India,South Africa,KL Rahul,V Kohli,K Rabada,0,0,,,,,,,,,
1384428,2023/24,2023-11-05,"Eden Gardens, Kolkata",1,37.4,India,South Africa,KL Rahul,V Kohli,K Rabada,0,0,,,,,,,,,
1384428,2023/24,2023-11-05,"Eden Gardens, Kolkata",1,37.5,India,South Africa,KL Rahul,V Kohli,K Rabada,0,0,,,,,,,,,
1384428,2023/24,2023-11-05,"Eden Gardens, Kolkata",1,37.6,India,South Africa,KL Rahul,V Kohli,K Rabada,1,0,,,,,,,,,
1384428,2023/24,2023-11-05,"Eden Gardens, Kolkata",1,38.1,India,South Africa,KL Rahul,V Kohli,L Ngidi,1,0,,,,,,,,,
1384428,2023/24,2023-11-05,"Eden Gardens, Kolkata",1,38.2,India,South Africa,V Kohli,KL Rahul,L Ngidi,0,0,,,,,,,,,
1384428,2023/24,2023-11-05,"Eden Gardens, Kolkata",1,38.3,India,South Africa,V Kohli,KL Rahul,L Ngidi,1,0,,,,,,,,,
1384428,2023/24,2023-11-05,"Eden Gardens, Kolkata",1,38.4,India,South Africa,KL Rahul,V Kohli,L Ngidi,1,0,,,,,,,,,
1384428,2023/24,2023-11-05,"Eden Gardens, Kolkata",1,38.5,India,South Africa,V Kohli,KL Rahul,L Ngidi,0,0,,,,,,,,,
1384428,2023/24,2023-11-05,"Eden Gardens, Kolkata",1,38.6,India,South Africa,V Kohli,KL Rahul,L Ngidi,0,0,,,,,,,,,
1384428,2023/24,2023-11-05,"Eden Gardens, Kolkata",1,39.1,India,South Africa,KL Rahul,V Kohli,K Rabada,0,0,,,,,,,,,
1384428,2023/24,2023-11-05,"Eden Gardens, Kolkata",1,39.2,India,South Africa,KL Rahul,V Kohli,K Rabada,1,0,,,,,,,,,
1384428,2023/24,2023-11-05,"Eden Gardens, Kolkata",1,39.3,India,South Africa,V Kohli,KL Rahul,K Rabada,1,0,,,,,,,,,
1384428,2023/24,2023-11-05,"Eden Gardens, Kolkata",1,39.4,India,South Africa,KL Rahul,V Kohli,K Rabada,1,0,,,,,,,,,
1384428,2023/24,2023-11-05,"Eden Gardens, Kolkata",1,39.5,India,South Africa,V Kohli,KL Rahul,K Rabada,0,0,,,,,,,,,
1384428,2023/24,2023-11-05,"Eden Gardens, Kolkata",1,39.6,India,South Africa,V Kohli,KL Rahul,K Rabada,0,0,,,,,,,,,
1384428,2023/24,2023-11-05,"Eden Gardens, Kolkata",1,40.1,India,South Africa,KL Rahul,V Kohli,M Jansen,1,0,,,,,,,,,
1384428,2023/24,2023-11-05,"Eden Gardens, Kolkata",1,40.2,India,South Africa,V Kohli,KL Rahul,M Jansen,1,0,,,,,,,,,
1384428,2023/24,2023-11-05,"Eden Gardens, Kolkata",1,40.3,India,South Africa,KL Rahul,V Kohli,M Jansen,1,0,,,,,,,,,
1384428,2023/24,2023-11-05,"Eden Gardens, Kolkata",1,40.4,India,South Africa,V Kohli,KL Rahul,M Jansen,1,0,,,,,,,,,
1384428,2023/24,2023-11-05,"Eden Gardens, Kolkata",1,40.5,India,South Africa,KL Rahul,V Kohli,M Jansen,0,0,,,,,,,,,
1384428,2023/24,2023-11-05,"Eden Gardens, Kolkata",1,40.6,India,South Africa,KL Rahul,V Kohli,M Jansen,0,0,,,,,,,,,
1384428,2023/24,2023-11-05,"Eden Gardens, Kolkata",1,41.1,India,South Africa,V Kohli,KL Rahul,T Shamsi,0,1,1,,,,,,,,
1384428,2023/24,2023-11-05,"Eden Gardens, Kolkata",1,41.2,India,South Africa,V Kohli,KL Rahul,T Shamsi,0,1,,1,,,,,,,
1384428,2023/24,2023-11-05,"Eden Gardens, Kolkata",1,41.3,India,South Africa,V Kohli,KL Rahul,T Shamsi,0,0,,,,,,,,,
1384428,2023/24,2023-11-05,"Eden Gardens, Kolkata",1,41.4,India,South Africa,V Kohli,KL Rahul,T Shamsi,0,0,,,,,,,,,
1384428,2023/24,2023-11-05,"Eden Gardens, Kolkata",1,41.5,India,South Africa,V Kohli,KL Rahul,T Shamsi,0,1,1,,,,,,,,
1384428,2023/24,2023-11-05,"Eden Gardens, Kolkata",1,41.6,India,South Africa,V Kohli,KL Rahul,T Shamsi,1,0,,,,,,,,,
1384428,2023/24,2023-11-05,"Eden Gardens, Kolkata",1,41.7,India,South Africa,KL Rahul,V Kohli,T Shamsi,0,0,,,,,,,,,
1384428,2023/24,2023-11-05,"Eden Gardens, Kolkata",1,41.8,India,South Africa,KL Rahul,V Kohli,T Shamsi,1,0,,,,,,,,,
1384428,2023/24,2023-11-05,"Eden Gardens, Kolkata",1,41.9,India,South Africa,V Kohli,KL Rahul,T Shamsi,0,1,1,,,,,,,,
1384428,2023/24,2023-11-05,"Eden Gardens, Kolkata",1,41.10,India,South Africa,V Kohli,KL Rahul,T Shamsi,0,0,,,,,,,,,
1384428,2023/24,2023-11-05,"Eden Gardens, Kolkata",1,42.1,India,South Africa,KL Rahul,V Kohli,M Jansen,0,0,,,,,,caught,KL Rahul,,
1384428,2023/24,2023-11-05,"Eden Gardens, Kolkata",1,42.2,India,South Africa,SA Yadav,V Kohli,M Jansen,0,0,,,,,,,,,
1384428,2023/24,2023-11-05,"Eden Gardens, Kolkata",1,42.3,India,South Africa,SA Yadav,V Kohli,M Jansen,0,0,,,,,,,,,
1384428,2023/24,2023-11-05,"Eden Gardens, Kolkata",1,42.4,India,South Africa,SA Yadav,V Kohli,M Jansen,0,0,,,,,,,,,
1384428,2023/24,2023-11-05,"Eden Gardens, Kolkata",1,42.5,India,South Africa,SA Yadav,V Kohli,M Jansen,0,0,,,,,,,,,
1384428,2023/24,2023-11-05,"Eden Gardens, Kolkata",1,42.6,India,South Africa,SA Yadav,V Kohli,M Jansen,4,0,,,,,,,,,
1384428,2023/24,2023-11-05,"Eden Gardens, Kolkata",1,43.1,India,South Africa,V Kohli,SA Yadav,T Shamsi,1,0,,,,,,,,,
1384428,2023/24,2023-11-05,"Eden Gardens, Kolkata",1,43.2,India,South Africa,SA Yadav,V Kohli,T Shamsi,0,0,,,,,,,,,
1384428,2023/24,2023-11-05,"Eden Gardens, Kolkata",1,43.3,India,South Africa,SA Yadav,V Kohli,T Shamsi,1,0,,,,,,,,,
1384428,2023/24,2023-11-05,"Eden Gardens, Kolkata",1,43.4,India,South Africa,V Kohli,SA Yadav,T Shamsi,2,0,,,,,,,,,
1384428,2023/24,2023-11-05,"Eden Gardens, Kolkata",1,43.5,India,South Africa,V Kohli,SA Yadav,T Shamsi,1,0,,,,,,,,,
1384428,2023/24,2023-11-05,"Eden Gardens, Kolkata",1,43.6,India,South Africa,SA Yadav,V Kohli,T Shamsi,4,0,,,,,,,,,
1384428,2023/24,2023-11-05,"Eden Gardens, Kolkata",1,44.1,India,South Africa,V Kohli,SA Yadav,M Jansen,4,0,,,,,,,,,
1384428,2023/24,2023-11-05,"Eden Gardens, Kolkata",1,44.2,India,South Africa,V Kohli,SA Yadav,M Jansen,2,0,,,,,,,,,
1384428,2023/24,2023-11-05,"Eden Gardens, Kolkata",1,44.3,India,South Africa,V Kohli,SA Yadav,M Jansen,0,0,,,,,,,,,
1384428,2023/24,2023-11-05,"Eden Gardens, Kolkata",1,44.4,India,South Africa,V Kohli,SA Yadav,M Jansen,1,1,,1,,,,,,,
1384428,2023/24,2023-11-05,"Eden Gardens, Kolkata",1,44.5,India,South Africa,SA Yadav,V Kohli,M Jansen,0,0,,,,,,,,,
1384428,2023/24,2023-11-05,"Eden Gardens, Kolkata",1,44.6,India,South Africa,SA Yadav,V Kohli,M Jansen,4,0,,,,,,,,,
1384428,2023/24,2023-11-05,"Eden Gardens, Kolkata",1,44.7,India,South Africa,SA Yadav,V Kohli,M Jansen,4,0,,,,,,,,,
1384428,2023/24,2023-11-05,"Eden Gardens, Kolkata",1,45.1,India,South Africa,V Kohli,SA Yadav,T Shamsi,0,0,,,,,,,,,
1384428,2023/24,2023-11-05,"Eden Gardens, Kolkata",1,45.2,India,South Africa,V Kohli,SA Yadav,T Shamsi,1,0,,,,,,,,,
1384428,2023/24,2023-11-05,"Eden Gardens, Kolkata",1,45.3,India,South Africa,SA Yadav,V Kohli,T Shamsi,1,0,,,,,,,,,
1384428,2023/24,2023-11-05,"Eden Gardens, Kolkata",1,45.4,India,South Africa,V Kohli,SA Yadav,T Shamsi,1,0,,,,,,,,,
1384428,2023/24,2023-11-05,"Eden Gardens, Kolkata",1,45.5,India,South Africa,SA Yadav,V Kohli,T Shamsi,4,0,,,,,,,,,
1384428,2023/24,2023-11-05,"Eden Gardens, Kolkata",1,45.6,India,South Africa,SA Yadav,V Kohli,T Shamsi,0,0,,,,,,caught,SA Yadav,,
1384428,2023/24,2023-11-05,"Eden Gardens, Kolkata",1,46.1,India,South Africa,V Kohli,RA Jadeja,K Rabada,1,0,,,,,,,,,
1384428,2023/24,2023-11-05,"Eden Gardens, Kolkata",1,46.2,India,South Africa,RA Jadeja,V Kohli,K Rabada,0,1,,,,1,,,,,
1384428,2023/24,2023-11-05,"Eden Gardens, Kolkata",1,46.3,India,South Africa,V Kohli,RA Jadeja,K Rabada,1,0,,,,,,,,,
1384428,2023/24,2023-11-05,"Eden Gardens, Kolkata",1,46.4,India,South Africa,RA Jadeja,V Kohli,K Rabada,1,0,,,,,,,,,
1384428,2023/24,2023-11-05,"Eden Gardens, Kolkata",1,46.5,India,South Africa,V Kohli,RA Jadeja,K Rabada,4,0,,,,,,,,,
1384428,2023/24,2023-11-05,"Eden Gardens, Kolkata",1,46.6,India,South Africa,V Kohli,RA Jadeja,K Rabada,0,0,,,,,,,,,
1384428,2023/24,2023-11-05,"Eden Gardens, Kolkata",1,47.1,India,South Africa,RA Jadeja,V Kohli,T Shamsi,2,0,,,,,,,,,
1384428,2023/24,2023-11-05,"Eden Gardens, Kolkata",1,47.2,India,South Africa,RA Jadeja,V Kohli,T Shamsi,1,0,,,,,,,,,
1384428,2023/24,2023-11-05,"Eden Gardens, Kolkata",1,47.3,India,South Africa,V Kohli,RA Jadeja,T Shamsi,1,0,,,,,,,,,
1384428,2023/24,2023-11-05,"Eden Gardens, Kolkata",1,47.4,India,South Africa,RA Jadeja,V Kohli,T Shamsi,1,0,,,,,,,,,
1384428,2023/24,2023-11-05,"Eden Gardens, Kolkata",1,47.5,India,South Africa,V Kohli,RA Jadeja,T Shamsi,1,0,,,,,,,,,
1384428,2023/24,2023-11-05,"Eden Gardens, Kolkata",1,47.6,India,South Africa,RA Jadeja,V Kohli,T Shamsi,1,0,,,,,,,,,
1384428,2023/24,2023-11-05,"Eden Gardens, Kolkata",1,48.1,India,South Africa,RA Jadeja,V Kohli,K Rabada,4,0,,,,,,,,,
1384428,2023/24,2023-11-05,"Eden Gardens, Kolkata",1,48.2,India,South Africa,RA Jadeja,V Kohli,K Rabada,1,0,,,,,,,,,
1384428,2023/24,2023-11-05,"Eden Gardens, Kolkata",1,48.3,India,South Africa,V Kohli,RA Jadeja,K Rabada,1,0,,,,,,,,,
1384428,2023/24,2023-11-05,"Eden Gardens, Kolkata",1,48.4,India,South Africa,RA Jadeja,V Kohli,K Rabada,2,0,,,,,,,,,
1384428,2023/24,2023-11-05,"Eden Gardens, Kolkata",1,48.5,India,South Africa,RA Jadeja,V Kohli,K Rabada,1,0,,,,,,,,,
1384428,2023/24,2023-11-05,"Eden Gardens, Kolkata",1,48.6,India,South Africa,V Kohli,RA Jadeja,K Rabada,0,0,,,,,,,,,
1384428,2023/24,2023-11-05,"Eden Gardens, Kolkata",1,49.1,India,South Africa,RA Jadeja,V Kohli,L Ngidi,0,0,,,,,,,,,
1384428,2023/24,2023-11-05,"Eden Gardens, Kolkata",1,49.2,India,South Africa,RA Jadeja,V Kohli,L Ngidi,0,1,1,,,,,,,,
1384428,2023/24,2023-11-05,"Eden Gardens, Kolkata",1,49.3,India,South Africa,RA Jadeja,V Kohli,L Ngidi,6,0,,,,,,,,,
1384428,2023/24,2023-11-05,"Eden Gardens, Kolkata",1,49.4,India,South Africa,RA Jadeja,V Kohli,M Jansen,4,0,,,,,,,,,
1384428,2023/24,2023-11-05,"Eden Gardens, Kolkata",1,49.5,India,South Africa,RA Jadeja,V Kohli,M Jansen,4,0,,,,,,,,,
1384428,2023/24,2023-11-05,"Eden Gardens, Kolkata",1,49.6,India,South Africa,RA Jadeja,V Kohli,M Jansen,1,0,,,,,,,,,
1384428,2023/24,2023-11-05,"Eden Gardens, Kolkata",1,49.7,India,South Africa,V Kohli,RA Jadeja,M Jansen,1,0,,,,,,,,,
1384428,2023/24,2023-11-05,"Eden Gardens, Kolkata",2,0.1,South Africa,India,Q de Kock,T Bavuma,JJ Bumrah,0,0,,,,,,,,,
1384428,2023/24,2023-11-05,"Eden Gardens, Kolkata",2,0.2,South Africa,India,Q de Kock,T Bavuma,JJ Bumrah,0,0,,,,,,,,,
1384428,2023/24,2023-11-05,"Eden Gardens, Kolkata",2,0.3,South Africa,India,Q de Kock,T Bavuma,JJ Bumrah,0,0,,,,,,,,,
1384428,2023/24,2023-11-05,"Eden Gardens, Kolkata",2,0.4,South Africa,India,Q de Kock,T Bavuma,JJ Bumrah,0,0,,,,,,,,,
1384428,2023/24,2023-11-05,"Eden Gardens, Kolkata",2,0.5,South Africa,India,Q de Kock,T Bavuma,JJ Bumrah,0,1,1,,,,,,,,
1384428,2023/24,2023-11-05,"Eden Gardens, Kolkata",2,0.6,South Africa,India,Q de Kock,T Bavuma,JJ Bumrah,0,0,,,,,,,,,
1384428,2023/24,2023-11-05,"Eden Gardens, Kolkata",2,0.7,South Africa,India,Q de Kock,T Bavuma,JJ Bumrah,1,0,,,,,,,,,
1384428,2023/24,2023-11-05,"Eden Gardens, Kolkata",2,1.1,South Africa,India,Q de Kock,T Bavuma,Mohammed Siraj,0,0,,,,,,,,,
1384428,2023/24,2023-11-05,"Eden Gardens, Kolkata",2,1.2,South Africa,India,Q de Kock,T Bavuma,Mohammed Siraj,0,0,,,,,,,,,
1384428,2023/24,2023-11-05,"Eden Gardens, Kolkata",2,1.3,South Africa,India,Q de Kock,T Bavuma,Mohammed Siraj,4,0,,,,,,,,,
1384428,2023/24,2023-11-05,"Eden Gardens, Kolkata",2,1.4,South Africa,India,Q de Kock,T Bavuma,Mohammed Siraj,0,0,,,,,,bowled,Q de Kock,,
1384428,2023/24,2023-11-05,"Eden Gardens, Kolkata",2,1.5,South Africa,India,HE van der Dussen,T Bavuma,Mohammed Siraj,0,0,,,,,,,,,
1384428,2023/24,2023-11-05,"Eden Gardens, Kolkata",2,1.6,South Africa,India,HE van der Dussen,T Bavuma,Mohammed Siraj,0,0,,,,,,,,,
1384428,2023/24,2023-11-05,"Eden Gardens, Kolkata",2,2.1,South Africa,India,T Bavuma,HE van der Dussen,JJ Bumrah,1,0,,,,,,,,,
1384428,2023/24,2023-11-05,"Eden Gardens, Kolkata",2,2.2,South Africa,India,HE van der Dussen,T Bavuma,JJ Bumrah,0,0,,,,,,,,,
1384428,2023/24,2023-11-05,"Eden Gardens, Kolkata",2,2.3,South Africa,India,HE van der Dussen,T Bavuma,JJ Bumrah,0,0,,,,,,,,,
1384428,2023/24,2023-11-05,"Eden Gardens, Kolkata",2,2.4,South Africa,India,HE van der Dussen,T Bavuma,JJ Bumrah,0,0,,,,,,,,,
1384428,2023/24,2023-11-05,"Eden Gardens, Kolkata",2,2.5,South Africa,India,HE van der Dussen,T Bavuma,JJ Bumrah,0,0,,,,,,,,,
1384428,2023/24,2023-11-05,"Eden Gardens, Kolkata",2,2.6,South Africa,India,HE van der Dussen,T Bavuma,JJ Bumrah,0,0,,,,,,,,,
1384428,2023/24,2023-11-05,"Eden Gardens, Kolkata",2,3.1,South Africa,India,T Bavuma,HE van der Dussen,Mohammed Siraj,0,0,,,,,,,,,
1384428,2023/24,2023-11-05,"Eden Gardens, Kolkata",2,3.2,South Africa,India,T Bavuma,HE van der Dussen,Mohammed Siraj,2,0,,,,,,,,,
1384428,2023/24,2023-11-05,"Eden Gardens, Kolkata",2,3.3,South Africa,India,T Bavuma,HE van der Dussen,Mohammed Siraj,1,0,,,,,,,,,
1384428,2023/24,2023-11-05,"Eden Gardens, Kolkata",2,3.4,South Africa,India,HE van der Dussen,T Bavuma,Mohammed Siraj,2,0,,,,,,,,,
1384428,2023/24,2023-11-05,"Eden Gardens, Kolkata",2,3.5,South Africa,India,HE van der Dussen,T Bavuma,Mohammed Siraj,0,0,,,,,,,,,
1384428,2023/24,2023-11-05,"Eden Gardens, Kolkata",2,3.6,South Africa,India,HE van der Dussen,T Bavuma,Mohammed Siraj,0,0,,,,,,,,,
1384428,2023/24,2023-11-05,"Eden Gardens, Kolkata",2,4.1,South Africa,India,T Bavuma,HE van der Dussen,JJ Bumrah,0,0,,,,,,,,,
1384428,2023/24,2023-11-05,"Eden Gardens, Kolkata",2,4.2,South Africa,India,T Bavuma,HE van der Dussen,JJ Bumrah,4,0,,,,,,,,,
1384428,2023/24,2023-11-05,"Eden Gardens, Kolkata",2,4.3,South Africa,India,T Bavuma,HE van der Dussen,JJ Bumrah,0,0,,,,,,,,,
1384428,2023/24,2023-11-05,"Eden Gardens, Kolkata",2,4.4,South Africa,India,T Bavuma,HE van der Dussen,JJ Bumrah,0,0,,,,,,,,,
1384428,2023/24,2023-11-05,"Eden Gardens, Kolkata",2,4.5,South Africa,India,T Bavuma,HE van der Dussen,JJ Bumrah,1,0,,,,,,,,,
1384428,2023/24,2023-11-05,"Eden Gardens, Kolkata",2,4.6,South Africa,India,HE van der Dussen,T Bavuma,JJ Bumrah,0,0,,,,,,,,,
1384428,2023/24,2023-11-05,"Eden Gardens, Kolkata",2,5.1,South Africa,India,T Bavuma,HE van der Dussen,Mohammed Siraj,1,0,,,,,,,,,
1384428,2023/24,2023-11-05,"Eden Gardens, Kolkata",2,5.2,South Africa,India,HE van der Dussen,T Bavuma,Mohammed Siraj,0,0,,,,,,,,,
1384428,2023/24,2023-11-05,"Eden Gardens, Kolkata",2,5.3,South Africa,India,HE van der Dussen,T Bavuma,Mohammed Siraj,0,0,,,,,,,,,
1384428,2023/24,2023-11-05,"Eden Gardens, Kolkata",2,5.4,South Africa,India,HE van der Dussen,T Bavuma,Mohammed Siraj,0,0,,,,,,,,,
1384428,2023/24,2023-11-05,"Eden Gardens, Kolkata",2,5.5,South Africa,India,HE van der Dussen,T Bavuma,Mohammed Siraj,0,0,,,,,,,,,
1384428,2023/24,2023-11-05,"Eden Gardens, Kolkata",2,5.6,South Africa,India,HE van der Dussen,T Bavuma,Mohammed Siraj,1,0,,,,,,,,,
1384428,2023/24,2023-11-05,"Eden Gardens, Kolkata",2,6.1,South Africa,India,HE van der Dussen,T Bavuma,JJ Bumrah,0,0,,,,,,,,,
1384428,2023/24,2023-11-05,"Eden Gardens, Kolkata",2,6.2,South Africa,India,HE van der Dussen,T Bavuma,JJ Bumrah,0,0,,,,,,,,,
1384428,2023/24,2023-11-05,"Eden Gardens, Kolkata",2,6.3,South Africa,India,HE van der Dussen,T Bavuma,JJ Bumrah,1,0,,,,,,,,,
1384428,2023/24,2023-11-05,"Eden Gardens, Kolkata",2,6.4,South Africa,India,T Bavuma,HE van der Dussen,JJ Bumrah,1,0,,,,,,,,,
1384428,2023/24,2023-11-05,"Eden Gardens, Kolkata",2,6.5,South Africa,India,HE van der Dussen,T Bavuma,JJ Bumrah,0,0,,,,,,,,,
1384428,2023/24,2023-11-05,"Eden Gardens, Kolkata",2,6.6,South Africa,India,HE van der Dussen,T Bavuma,JJ Bumrah,0,0,,,,,,,,,
1384428,2023/24,2023-11-05,"Eden Gardens, Kolkata",2,7.1,South Africa,India,T Bavuma,HE van der Dussen,Mohammed Siraj,0,0,,,,,,,,,
1384428,2023/24,2023-11-05,"Eden Gardens, Kolkata",2,7.2,South Africa,India,T Bavuma,HE van der Dussen,Mohammed Siraj,0,0,,,,,,,,,
1384428,2023/24,2023-11-05,"Eden Gardens, Kolkata",2,7.3,South Africa,India,T Bavuma,HE van der Dussen,Mohammed Siraj,0,0,,,,,,,,,
1384428,2023/24,2023-11-05,"Eden Gardens, Kolkata",2,7.4,South Africa,India,T Bavuma,HE van der Dussen,Mohammed Siraj,0,0,,,,,,,,,
1384428,2023/24,2023-11-05,"Eden Gardens, Kolkata",2,7.5,South Africa,India,T Bavuma,HE van der Dussen,Mohammed Siraj,0,0,,,,,,,,,
1384428,2023/24,2023-11-05,"Eden Gardens, Kolkata",2,7.6,South Africa,India,T Bavuma,HE van der Dussen,Mohammed Siraj,0,0,,,,,,,,,
1384428,2023/24,2023-11-05,"Eden Gardens, Kolkata",2,8.1,South Africa,India,HE van der Dussen,T Bavuma,RA Jadeja,1,0,,,,,,,,,
1384428,2023/24,2023-11-05,"Eden Gardens, Kolkata",2,8.2,South Africa,India,T Bavuma,HE van der Dussen,RA Jadeja,0,0,,,,,,,,,
1384428,2023/24,2023-11-05,"Eden Gardens, Kolkata",2,8.3,South Africa,India,T Bavuma,HE van der Dussen,RA Jadeja,0,0,,,,,,bowled,T Bavuma,,
1384428,2023/24,2023-11-05,"Eden Gardens, Kolkata",2,8.4,South Africa,India,AK Markram,HE van der Dussen,RA Jadeja,1,0,,,,,,,,,
1384428,2023/24,2023-11-05,"Eden Gardens, Kolkata",2,8.5,South Africa,India,HE van der Dussen,AK Markram,RA Jadeja,4,0,,,,,,,,,
1384428,2023/24,2023-11-05,"Eden Gardens, Kolkata",2,8.6,South Africa,India,HE van der Dussen,AK Markram,RA Jadeja,0,0,,,,,,,,,
1384428,2023/24,2023-11-05,"Eden Gardens, Kolkata",2,9.1,South Africa,India,AK Markram,HE van der Dussen,Mohammed Shami,0,0,,,,,,,,,
1384428,2023/24,2023-11-05,"Eden Gardens, Kolkata",2,9.2,South Africa,India,AK Markram,HE van der Dussen,Mohammed Shami,4,0,,,,,,,,,
1384428,2023/24,2023-11-05,"Eden Gardens, Kolkata",2,9.3,South Africa,India,AK Markram,HE van der Dussen,Mohammed Shami,4,0,,,,,,,,,
1384428,2023/24,2023-11-05,"Eden Gardens, Kolkata",2,9.4,South Africa,India,AK Markram,HE van der Dussen,Mohammed Shami,0,0,,,,,,,,,
1384428,2023/24,2023-11-05,"Eden Gardens, Kolkata",2,9.5,South Africa,India,AK Markram,HE van der Dussen,Mohammed Shami,0,0,,,,,,caught,AK Markram,,
1384428,2023/24,2023-11-05,"Eden Gardens, Kolkata",2,9.6,South Africa,India,H Klaasen,HE van der Dussen,Mohammed Shami,0,0,,,,,,,,,
1384428,2023/24,2023-11-05,"Eden Gardens, Kolkata",2,10.1,South Africa,India,HE van der Dussen,H Klaasen,RA Jadeja,0,0,,,,,,,,,
1384428,2023/24,2023-11-05,"Eden Gardens, Kolkata",2,10.2,South Africa,India,HE van der Dussen,H Klaasen,RA Jadeja,0,0,,,,,,,,,
1384428,2023/24,2023-11-05,"Eden Gardens, Kolkata",2,10.3,South Africa,India,HE van der Dussen,H Klaasen,RA Jadeja,1,0,,,,,,,,,
1384428,2023/24,2023-11-05,"Eden Gardens, Kolkata",2,10.4,South Africa,India,H Klaasen,HE van der Dussen,RA Jadeja,0,0,,,,,,,,,
1384428,2023/24,2023-11-05,"Eden Gardens, Kolkata",2,10.5,South Africa,India,H Klaasen,HE van der Dussen,RA Jadeja,0,0,,,,,,,,,
1384428,2023/24,2023-11-05,"Eden Gardens, Kolkata",2,10.6,South Africa,India,H Klaasen,HE van der Dussen,RA Jadeja,0,0,,,,,,,,,
1384428,2023/24,2023-11-05,"Eden Gardens, Kolkata",2,11.1,South Africa,India,HE van der Dussen,H Klaasen,Mohammed Shami,1,0,,,,,,,,,
1384428,2023/24,2023-11-05,"Eden Gardens, Kolkata",2,11.2,South Africa,India,H Klaasen,HE van der Dussen,Mohammed Shami,0,0,,,,,,,,,
1384428,2023/24,2023-11-05,"Eden Gardens, Kolkata",2,11.3,South Africa,India,H Klaasen,HE van der Dussen,Mohammed Shami,0,0,,,,,,,,,
1384428,2023/24,2023-11-05,"Eden Gardens, Kolkata",2,11.4,South Africa,India,H Klaasen,HE van der Dussen,Mohammed Shami,0,0,,,,,,,,,
1384428,2023/24,2023-11-05,"Eden Gardens, Kolkata",2,11.5,South Africa,India,H Klaasen,HE van der Dussen,Mohammed Shami,0,0,,,,,,,,,
1384428,2023/24,2023-11-05,"Eden Gardens, Kolkata",2,11.6,South Africa,India,H Klaasen,HE van der Dussen,Mohammed Shami,0,0,,,,,,,,,
1384428,2023/24,2023-11-05,"Eden Gardens, Kolkata",2,12.1,South Africa,India,HE van der Dussen,H Klaasen,RA Jadeja,1,0,,,,,,,,,
1384428,2023/24,2023-11-05,"Eden Gardens, Kolkata",2,12.2,South Africa,India,H Klaasen,HE van der Dussen,RA Jadeja,1,0,,,,,,,,,
1384428,2023/24,2023-11-05,"Eden Gardens, Kolkata",2,12.3,South Africa,India,HE van der Dussen,H Klaasen,RA Jadeja,0,0,,,,,,,,,
1384428,2023/24,2023-11-05,"Eden Gardens, Kolkata",2,12.4,South Africa,India,HE van der Dussen,H Klaasen,RA Jadeja,1,0,,,,,,,,,
1384428,2023/24,2023-11-05,"Eden Gardens, Kolkata",2,12.5,South Africa,India,H Klaasen,HE van der Dussen,RA Jadeja,0,0,,,,,,lbw,H Klaasen,,
1384428,2023/24,2023-11-05,"Eden Gardens, Kolkata",2,12.6,South Africa,India,DA Miller,HE van der Dussen,RA Jadeja,0,0,,,,,,,,,
1384428,2023/24,2023-11-05,"Eden Gardens, Kolkata",2,13.1,South Africa,India,HE van der Dussen,DA Miller,Mohammed Shami,0,0,,,,,,lbw,HE van der Dussen,,
1384428,2023/24,2023-11-05,"Eden Gardens, Kolkata",2,13.2,South Africa,India,M Jansen,DA Miller,Mohammed Shami,0,0,,,,,,,,,
1384428,2023/24,2023-11-05,"Eden Gardens, Kolkata",2,13.3,South Africa,India,M Jansen,DA Miller,Mohammed Shami,0,0,,,,,,,,,
1384428,2023/24,2023-11-05,"Eden Gardens, Kolkata",2,13.4,South Africa,India,M Jansen,DA Miller,Mohammed Shami,2,0,,,,,,,,,
1384428,2023/24,2023-11-05,"Eden Gardens, Kolkata",2,13.5,South Africa,India,M Jansen,DA Miller,Mohammed Shami,0,0,,,,,,,,,
1384428,2023/24,2023-11-05,"Eden Gardens, Kolkata",2,13.6,South Africa,India,M Jansen,DA Miller,Mohammed Shami,0,0,,,,,,,,,
1384428,2023/24,2023-11-05,"Eden Gardens, Kolkata",2,14.1,South Africa,India,DA Miller,M Jansen,RA Jadeja,0,0,,,,,,,,,
1384428,2023/24,2023-11-05,"Eden Gardens, Kolkata",2,14.2,South Africa,India,DA Miller,M Jansen,RA Jadeja,0,0,,,,,,,,,
1384428,2023/24,2023-11-05,"Eden Gardens, Kolkata",2,14.3,South Africa,India,DA Miller,M Jansen,RA Jadeja,4,0,,,,,,,,,
1384428,2023/24,2023-11-05,"Eden Gardens, Kolkata",2,14.4,South Africa,India,DA Miller,M Jansen,RA Jadeja,0,0,,,,,,,,,
1384428,2023/24,2023-11-05,"Eden Gardens, Kolkata",2,14.5,South Africa,India,DA Miller,M Jansen,RA Jadeja,2,0,,,,,,,,,
1384428,2023/24,2023-11-05,"Eden Gardens, Kolkata",2,14.6,South Africa,India,DA Miller,M Jansen,RA Jadeja,4,0,,,,,,,,,
1384428,2023/24,2023-11-05,"Eden Gardens, Kolkata",2,15.1,South Africa,India,M Jansen,DA Miller,Mohammed Shami,1,0,,,,,,,,,
1384428,2023/24,2023-11-05,"Eden Gardens, Kolkata",2,15.2,South Africa,India,DA Miller,M Jansen,Mohammed Shami,1,0,,,,,,,,,
1384428,2023/24,2023-11-05,"Eden Gardens, Kolkata",2,15.3,South Africa,India,M Jansen,DA Miller,Mohammed Shami,0,0,,,,,,,,,
1384428,2023/24,2023-11-05,"Eden Gardens, Kolkata",2,15.4,South Africa,India,M Jansen,DA Miller,Mohammed Shami,0,0,,,,,,,,,
1384428,2023/24,2023-11-05,"Eden Gardens, Kolkata",2,15.5,South Africa,India,M Jansen,DA Miller,Mohammed Shami,0,1,1,,,,,,,,
1384428,2023/24,2023-11-05,"Eden Gardens, Kolkata",2,15.6,South Africa,India,M Jansen,DA Miller,Mohammed Shami,2,0,,,,,,,,,
1384428,2023/24,2023-11-05,"Eden Gardens, Kolkata",2,15.7,South Africa,India,M Jansen,DA Miller,Mohammed Shami,2,0,,,,,,,,,
1384428,2023/24,2023-11-05,"Eden Gardens, Kolkata",2,16.1,South Africa,India,DA Miller,M Jansen,RA Jadeja,0,0,,,,,,,,,
1384428,2023/24,2023-11-05,"Eden Gardens, Kolkata",2,16.2,South Africa,India,DA Miller,M Jansen,RA Jadeja,0,0,,,,,,,,,
1384428,2023/24,2023-11-05,"Eden Gardens, Kolkata",2,16.3,South Africa,India,DA Miller,M Jansen,RA Jadeja,0,0,,,,,,bowled,DA Miller,,
1384428,2023/24,2023-11-05,"Eden Gardens, Kolkata",2,16.4,South Africa,India,KA Maharaj,M Jansen,RA Jadeja,0,0,,,,,,,,,
1384428,2023/24,2023-11-05,"Eden Gardens, Kolkata",2,16.5,South Africa,India,KA Maharaj,M Jansen,RA Jadeja,4,0,,,,,,,,,
1384428,2023/24,2023-11-05,"Eden Gardens, Kolkata",2,16.6,South Africa,India,KA Maharaj,M Jansen,RA Jadeja,1,0,,,,,,,,,
1384428,2023/24,2023-11-05,"Eden Gardens, Kolkata",2,17.1,South Africa,India,KA Maharaj,M Jansen,Kuldeep Yadav,0,0,,,,,,,,,
1384428,2023/24,2023-11-05,"Eden Gardens, Kolkata",2,17.2,South Africa,India,KA Maharaj,M Jansen,Kuldeep Yadav,0,0,,,,,,,,,
1384428,2023/24,2023-11-05,"Eden Gardens, Kolkata",2,17.3,South Africa,India,KA Maharaj,M Jansen,Kuldeep Yadav,0,0,,,,,,,,,
1384428,2023/24,2023-11-05,"Eden Gardens, Kolkata",2,17.4,South Africa,India,KA Maharaj,M Jansen,Kuldeep Yadav,0,0,,,,,,,,,
1384428,2023/24,2023-11-05,"Eden Gardens, Kolkata",2,17.5,South Africa,India,KA Maharaj,M Jansen,Kuldeep Yadav,0,0,,,,,,,,,
1384428,2023/24,2023-11-05,"Eden Gardens, Kolkata",2,17.6,South Africa,India,KA Maharaj,M Jansen,Kuldeep Yadav,1,0,,,,,,,,,
1384428,2023/24,2023-11-05,"Eden Gardens, Kolkata",2,18.1,South Africa,India,KA Maharaj,M Jansen,RA Jadeja,1,0,,,,,,,,,
1384428,2023/24,2023-11-05,"Eden Gardens, Kolkata",2,18.2,South Africa,India,M Jansen,KA Maharaj,RA Jadeja,0,0,,,,,,,,,
1384428,2023/24,2023-11-05,"Eden Gardens, Kolkata",2,18.3,South Africa,India,M Jansen,KA Maharaj,RA Jadeja,1,0,,,,,,,,,
1384428,2023/24,2023-11-05,"Eden Gardens, Kolkata",2,18.4,South Africa,India,KA Maharaj,M Jansen,RA Jadeja,0,0,,,,,,bowled,KA Maharaj,,
1384428,2023/24,2023-11-05,"Eden Gardens, Kolkata",2,18.5,South Africa,India,K Rabada,M Jansen,RA Jadeja,1,0,,,,,,,,,
1384428,2023/24,2023-11-05,"Eden Gardens, Kolkata",2,18.6,South Africa,India,M Jansen,K Rabada,RA Jadeja,0,0,,,,,,,,,
1384428,2023/24,2023-11-05,"Eden Gardens, Kolkata",2,19.1,South Africa,India,K Rabada,M Jansen,Kuldeep Yadav,0,0,,,,,,,,,
1384428,2023/24,2023-11-05,"Eden Gardens, Kolkata",2,19.2,South Africa,India,K Rabada,M Jansen,Kuldeep Yadav,0,0,,,,,,,,,
1384428,2023/24,2023-11-05,"Eden Gardens, Kolkata",2,19.3,South Africa,India,K Rabada,M Jansen,Kuldeep Yadav,0,0,,,,,,,,,
1384428,2023/24,2023-11-05,"Eden Gardens, Kolkata",2,19.4,South Africa,India,K Rabada,M Jansen,Kuldeep Yadav,0,0,,,,,,,,,
1384428,2023/24,2023-11-05,"Eden Gardens, Kolkata",2,19.5,South Africa,India,K Rabada,M Jansen,Kuldeep Yadav,1,0,,,,,,,,,
1384428,2023/24,2023-11-05,"Eden Gardens, Kolkata",2,19.6,South Africa,India,M Jansen,K Rabada,Kuldeep Yadav,0,0,,,,,,,,,
1384428,2023/24,2023-11-05,"Eden Gardens, Kolkata",2,20.1,South Africa,India,K Rabada,M Jansen,RA Jadeja,0,0,,,,,,,,,
1384428,2023/24,2023-11-05,"Eden Gardens, Kolkata",2,20.2,South Africa,India,K Rabada,M Jansen,RA Jadeja,0,0,,,,,,,,,
1384428,2023/24,2023-11-05,"Eden Gardens, Kolkata",2,20.3,South Africa,India,K Rabada,M Jansen,RA Jadeja,0,0,,,,,,,,,
1384428,2023/24,2023-11-05,"Eden Gardens, Kolkata",2,20.4,South Africa,India,K Rabada,M Jansen,RA Jadeja,0,0,,,,,,,,,
1384428,2023/24,2023-11-05,"Eden Gardens, Kolkata",2,20.5,South Africa,India,K Rabada,M Jansen,RA Jadeja,0,0,,,,,,,,,
1384428,2023/24,2023-11-05,"Eden Gardens, Kolkata",2,20.6,South Africa,India,K Rabada,M Jansen,RA Jadeja,1,0,,,,,,,,,
1384428,2023/24,2023-11-05,"Eden Gardens, Kolkata",2,21.1,South Africa,India,K Rabada,M Jansen,Kuldeep Yadav,0,0,,,,,,,,,
1384428,2023/24,2023-11-05,"Eden Gardens, Kolkata",2,21.2,South Africa,India,K Rabada,M Jansen,Kuldeep Yadav,0,0,,,,,,,,,
1384428,2023/24,2023-11-05,"Eden Gardens, Kolkata",2,21.3,South Africa,India,K Rabada,M Jansen,Kuldeep Yadav,0,0,,,,,,,,,
1384428,2023/24,2023-11-05,"Eden Gardens, Kolkata",2,21.4,South Africa,India,K Rabada,M Jansen,Kuldeep Yadav,0,0,,,,,,,,,
1384428,2023/24,2023-11-05,"Eden Gardens, Kolkata",2,21.5,South Africa,India,K Rabada,M Jansen,Kuldeep Yadav,0,0,,,,,,,,,
1384428,2023/24,2023-11-05,"Eden Gardens, Kolkata",2,21.6,South Africa,India,K Rabada,M Jansen,Kuldeep Yadav,0,0,,,,,,,,,
1384428,2023/24,2023-11-05,"Eden Gardens, Kolkata",2,22.1,South Africa,India,M Jansen,K Rabada,RA Jadeja,0,0,,,,,,,,,
1384428,2023/24,2023-11-05,"Eden Gardens, Kolkata",2,22.2,South Africa,India,M Jansen,K Rabada,RA Jadeja,0,0,,,,,,,,,
1384428,2023/24,2023-11-05,"Eden Gardens, Kolkata",2,22.3,South Africa,India,M Jansen,K Rabada,RA Jadeja,0,0,,,,,,,,,
1384428,2023/24,2023-11-05,"Eden Gardens, Kolkata",2,22.4,South Africa,India,M Jansen,K Rabada,RA Jadeja,0,0,,,,,,,,,
1384428,2023/24,2023-11-05,"Eden Gardens, Kolkata",2,22.5,South Africa,India,M Jansen,K Rabada,RA Jadeja,0,0,,,,,,,,,
1384428,2023/24,2023-11-05,"Eden Gardens, Kolkata",2,22.6,South Africa,India,M Jansen,K Rabada,RA Jadeja,0,0,,,,,,,,,
1384428,2023/24,2023-11-05,"Eden Gardens, Kolkata",2,23.1,South Africa,India,K Rabada,M Jansen,Kuldeep Yadav,1,0,,,,,,,,,
1384428,2023/24,2023-11-05,"Eden Gardens, Kolkata",2,23.2,South Africa,India,M Jansen,K Rabada,Kuldeep Yadav,1,0,,,,,,,,,
1384428,2023/24,2023-11-05,"Eden Gardens, Kolkata",2,23.3,South Africa,India,K Rabada,M Jansen,Kuldeep Yadav,1,0,,,,,,,,,
1384428,2023/24,2023-11-05,"Eden Gardens, Kolkata",2,23.4,South Africa,India,M Jansen,K Rabada,Kuldeep Yadav,0,0,,,,,,,,,
1384428,2023/24,2023-11-05,"Eden Gardens, Kolkata",2,23.5,South Africa,India,M Jansen,K Rabada,Kuldeep Yadav,1,0,,,,,,,,,
1384428,2023/24,2023-11-05,"Eden Gardens, Kolkata",2,23.6,South Africa,India,K Rabada,M Jansen,Kuldeep Yadav,0,0,,,,,,,,,
1384428,2023/24,2023-11-05,"Eden Gardens, Kolkata",2,24.1,South Africa,India,M Jansen,K Rabada,JJ Bumrah,0,0,,,,,,,,,
1384428,2023/24,2023-11-05,"Eden Gardens, Kolkata",2,24.2,South Africa,India,M Jansen,K Rabada,JJ Bumrah,0,0,,,,,,,,,
1384428,2023/24,2023-11-05,"Eden Gardens, Kolkata",2,24.3,South Africa,India,M Jansen,K Rabada,JJ Bumrah,0,0,,,,,,,,,
1384428,2023/24,2023-11-05,"Eden Gardens, Kolkata",2,24.4,South Africa,India,M Jansen,K Rabada,JJ Bumrah,0,0,,,,,,,,,
1384428,2023/24,2023-11-05,"Eden Gardens, Kolkata",2,24.5,South Africa,India,M Jansen,K Rabada,JJ Bumrah,0,0,,,,,,,,,
1384428,2023/24,2023-11-05,"Eden Gardens, Kolkata",2,24.6,South Africa,India,M Jansen,K Rabada,JJ Bumrah,4,0,,,,,,,,,
1384428,2023/24,2023-11-05,"Eden Gardens, Kolkata",2,25.1,South Africa,India,K Rabada,M Jansen,Kuldeep Yadav,0,0,,,,,,,,,
1384428,2023/24,2023-11-05,"Eden Gardens, Kolkata",2,25.2,South Africa,India,K Rabada,M Jansen,Kuldeep Yadav,0,0,,,,,,,,,
1384428,2023/24,2023-11-05,"Eden Gardens, Kolkata",2,25.3,South Africa,India,K Rabada,M Jansen,Kuldeep Yadav,1,0,,,,,,,,,
1384428,2023/24,2023-11-05,"Eden Gardens, Kolkata",2,25.4,South Africa,India,M Jansen,K Rabada,Kuldeep Yadav,0,0,,,,,,caught,M Jansen,,
1384428,2023/24,2023-11-05,"Eden Gardens, Kolkata",2,25.5,South Africa,India,L Ngidi,K Rabada,Kuldeep Yadav,0,0,,,,,,,,,
1384428,2023/24,2023-11-05,"Eden Gardens, Kolkata",2,25.6,South Africa,India,L Ngidi,K Rabada,Kuldeep Yadav,0,0,,,,,,,,,
1384428,2023/24,2023-11-05,"Eden Gardens, Kolkata",2,26.1,South Africa,India,K Rabada,L Ngidi,RA Jadeja,0,0,,,,,,,,,
1384428,2023/24,2023-11-05,"Eden Gardens, Kolkata",2,26.2,South Africa,India,K Rabada,L Ngidi,RA Jadeja,0,0,,,,,,caught and bowled,K Rabada,,
1384428,2023/24,2023-11-05,"Eden Gardens, Kolkata",2,26.3,South Africa,India,T Shamsi,L Ngidi,RA Jadeja,0,0,,,,,,,,,
1384428,2023/24,2023-11-05,"Eden Gardens, Kolkata",2,26.4,South Africa,India,T Shamsi,L Ngidi,RA Jadeja,4,0,,,,,,,,,
1384428,2023/24,2023-11-05,"Eden Gardens, Kolkata",2,26.5,South Africa,India,T Shamsi,L Ngidi,RA Jadeja,0,0,,,,,,,,,
1384428,2023/24,2023-11-05,"Eden Gardens, Kolkata",2,26.6,South Africa,India,T Shamsi,L Ngidi,RA Jadeja,0,0,,,,,,,,,
1384428,2023/24,2023-11-05,"Eden Gardens, Kolkata",2,27.1,South Africa,India,L Ngidi,T Shamsi,Kuldeep Yadav,0,0,,,,,,bowled,L Ngidi,,
